"exporter","importer","no_exported_animals","exporter_herd_size","rate_exp_to_imp","rel_p_exp_to_imp"
"Albania","Greece",0.154109589041096,104040,1.48125325875717e-06,1
"Austria","Albania",0.0694246575342466,2534440,2.73925038802444e-08,0.00166855173162981
"Austria","Bulgaria",1.57914764079148,2534440,6.23075567301446e-07,0.0379532233089083
"Austria","Croatia",2.78656377473364,2534440,1.09947908600466e-06,0.0669722541927575
"Austria","Germany",6.02553911719939,2534440,2.37746370685413e-06,0.14481776482724
"Austria","Greece",0.00015220700152207,2534440,6.00554763664044e-11,3.6581420056779e-06
"Austria","Italy",9.84647792998478,2534440,3.88507044159056e-06,0.236650181420431
"Austria","Latvia",0.102861491628615,2534440,4.05854909284161e-08,0.00247217236743713
"Austria","Netherlands",3.22008675799087,2534440,1.27053185634336e-06,0.0773915425278616
"Austria","Other",0.0999123287671233,2534440,3.94218560183407e-08,0.00240129220793511
"Austria","Serbia",0.0988931506849315,2534440,3.90197245485912e-08,0.00237679728906509
"Austria","Slovenia",17.6785768645358,2534440,6.97533848287423e-06,0.424886792210979
"Austria","Sweden",0.010958904109589,2534440,4.32399429838112e-09,0.000263386224408809
"Austria","Ukraine",0.0891397260273973,2534440,3.5171369623032e-08,0.00214238354934125
"Belgium","Austria",1.80222222222222,5375200,3.35284681913645e-07,0.000750968265524356
"Belgium","Bulgaria",0.60882800608828,5375200,1.13266112161088e-07,0.000253692639063681
"Belgium","Croatia",6.80611872146119,5375200,1.26620753115441e-06,0.00283604269672485
"Belgium","France",122.114677321157,5375200,2.2718164407121e-05,0.0508839843900382
"Belgium","Germany",784.98683196347,5375200,0.000146038627765194,0.327096288343502
"Belgium","Greece",1.60613698630137,5375200,2.98805065169923e-07,0.000669261477261117
"Belgium","Hungary",5.34599634703196,5375200,9.94566964397969e-07,0.00222762407139773
"Belgium","Italy",112.776582952816,5375200,2.09809091666944e-05,0.0469928923567545
"Belgium","Luxembourg",78.8370103500761,5375200,1.46668050212227e-05,0.0328506064300556
"Belgium","Netherlands",392.081968949772,5375200,7.29427684457828e-05,0.16337669824231
"Belgium","Other",0.142509589041096,5375200,2.65124254057702e-08,5.9382343410914e-05
"Belgium","Poland",5.25563926940639,5375200,9.77756970792974e-07,0.00218997316629533
"Belgium","Portugal",44.488797564688,5375200,8.27667762403036e-06,0.0185380441604045
"Belgium","Romania",3.41251902587519,5375200,6.34863637794908e-07,0.00142196309774188
"Belgium","Slovenia",6.44840182648402,5375200,1.19965802695416e-06,0.00268698558664298
"Belgium","Spain",833.14601217656,5375200,0.00015499814186943,0.34716374483569
"Belgium","United Kingdom",0.00443470319634703,5375200,8.25030360981365e-10,1.84789718293985e-06
"Bulgaria","Hungary",1.22054794520548,700780,1.74169917121704e-06,0.00813849025803332
"Bulgaria","Netherlands",5.68276286149163,700780,8.10919669723969e-06,0.0378920880319676
"Bulgaria","Romania",143.068969863014,700780,0.000204156753707317,0.953969421709999
"Croatia","Albania",26.8452359208524,873000,3.07505566103693e-05,0.0276862293425668
"Croatia","Austria",13.4190791476408,873000,1.53712246822919e-05,0.0138394649964336
"Croatia","Bulgaria",0.502739726027397,873000,5.75875974830925e-07,0.00051848929156186
"Croatia","Germany",3.07540334855403,873000,3.52279879559454e-06,0.00317174796600787
"Croatia","Greece",0.319786910197869,873000,3.66308030009014e-07,0.000329805026209951
"Croatia","Hungary",585.638561643836,873000,0.000670834549420201,0.603985138269084
"Croatia","Ireland",0.669467275494673,873000,7.668582766262e-07,0.000690439993946619
"Croatia","Italy",188.96996499239,873000,0.000216460440999301,0.194889916596792
"Croatia","Lithuania",0.351902587519026,873000,4.03095747444474e-07,0.000362926806567066
"Croatia","Montenegro",0.797686453576865,873000,9.1373018737327e-07,0.000822675954955312
"Croatia","Netherlands",34.7926398782344,873000,3.9854112117107e-05,0.0358826053882394
"Croatia","Other",39.372800608828,873000,4.51005734350836e-05,0.0406062509835658
"Croatia","Poland",0.328523592085236,873000,3.76315683946433e-07,0.000338815406269185
"Croatia","Romania",1.05316133942161,873000,1.20637037734435e-06,0.00108615422356198
"Croatia","Serbia",72.3560730593607,873000,8.28820997243536e-05,0.0746228060336367
"Croatia","Slovakia",1.01519786910198,873000,1.16288415704694e-06,0.00104700145362515
"Croatia","Spain",0.115901369863014,873000,1.32762164791539e-07,0.000119532266976746
"Cyprus","Netherlands",0.0114748858447489,309790,3.7040852980241e-08,1
"Czechia","Austria",41.4191111111111,1421820,2.91310511253964e-05,0.0436406584652603
"Czechia","Belarus",0.0157187214611872,1421820,1.10553526193099e-08,1.65618077355168e-05
"Czechia","Bulgaria",5.96200273972603,1421820,4.19321907113842e-06,0.00628177955425828
"Czechia","Croatia",4.40778508371385,1421820,3.10010063419691e-06,0.00464420018359647
"Czechia","Germany",126.064754946728,1421820,8.86643562101585e-05,0.132826339521831
"Czechia","Greece",1.27852298325723,1421820,8.99215782066105e-07,0.00134709759228384
"Czechia","Hungary",279.224371385084,1421820,0.000196385176312813,0.294200795234462
"Czechia","Italy",0.691594520547945,1421820,4.86414961491571e-07,0.000728688749179404
"Czechia","Lithuania",0.00506301369863014,1421820,3.56093858479283e-09,5.33457251253224e-06
"Czechia","Malta",0.153223744292237,1421820,1.07765922755509e-07,0.000161442023115559
"Czechia","Netherlands",44.5476060882801,1421820,3.1331396441378e-05,0.0469369527880104
"Czechia","Other",0.155788127853881,1421820,1.09569515025728e-07,0.000164143949453075
"Czechia","Poland",65.3073722983257,1421820,4.59322363578552e-05,0.0688101857639884
"Czechia","Portugal",0.0630356164383562,1421820,4.43344561465981e-08,6.64165824504014e-05
"Czechia","Romania",41.3265537290715,1421820,2.90659533056727e-05,0.0435431366935547
"Czechia","Serbia",0.110294063926941,1421820,7.7572452157756e-08,0.000116209774798619
"Czechia","Slovakia",338.360842313546,1421820,0.00023797727019844,0.356509098367928
"Czechia","Slovenia",0.00090958904109589,1421820,6.39735719778798e-10,9.58375581255792e-07
"Denmark","Albania",2.01735159817352,11583000,1.74164862140509e-07,5.06765604310343e-05
"Denmark","Austria",12.5085613394216,11583000,1.07990687554361e-06,0.000314219328547595
"Denmark","Belarus",4.10656316590563,11583000,3.54533641190161e-07,0.00010315826781474
"Denmark","Belgium",45.7008465753425,11583000,3.94551036651493e-06,0.00114802085829838
"Denmark","Bulgaria",6.96850076103501,11583000,6.01614500650523e-07,0.000175051116647206
"Denmark","Croatia",522.569484018265,11583000,4.51152105687874e-05,0.013127123730064
"Denmark","Cyprus",0.00682252663622527,11583000,5.89012055272837e-10,1.71384196828179e-07
"Denmark","Czechia",34.2132347031963,11583000,2.95374554978817e-06,0.000859448128698765
"Denmark","Estonia",0.25578904109589,11583000,2.20831426310878e-08,6.42550798305476e-06
"Denmark","Finland",0.386075494672755,11583000,3.33312177046322e-08,9.69834814835412e-06
"Denmark","France",22.1787202435312,11583000,1.91476476245629e-06,0.000557137019507118
"Denmark","Georgia",0.126246575342466,11583000,1.08992985705314e-08,3.17135704571579e-06
"Denmark","Germany",16562.7948280061,11583000,0.00142992271674058,0.41606305701406
"Denmark","Greece",7.45720608828006,11583000,6.43806102760948e-07,0.000187327561205272
"Denmark","Hungary",204.510299238965,11583000,1.76560734903708e-05,0.00513736849220317
"Denmark","Ireland",13.6812925418569,11583000,1.18115277059975e-06,0.000343678736468048
"Denmark","Italy",1850.59318112633,11583000,0.000159768037738611,0.0464875320997675
"Denmark","Kazakhstan",0.169757077625571,11583000,1.465570902405e-08,4.26435570808619e-06
"Denmark","Latvia",1.71353211567732,11583000,1.47935087255229e-07,4.30445113728613e-05
"Denmark","Lithuania",2.19092207001522,11583000,1.89149794527775e-07,5.50367099028929e-05
"Denmark","Luxembourg",0.0195482496194825,11583000,1.68766723814923e-09,4.91058699960661e-07
"Denmark","Malta",0.040800304414003,11583000,3.5224298035054e-09,1.02491756722666e-06
"Denmark","Montenegro",5.11837168949772,11583000,4.41886531079834e-07,0.000128575243138661
"Denmark","Netherlands",1048.63063318113,11583000,9.05318685298391e-05,0.026341959279855
"Denmark","North Macedonia",13.4565226788432,11583000,1.16174761968775e-06,0.000338032440821617
"Denmark","Norway",0.000517503805175038,11583000,4.46778731913181e-11,1.29998721492015e-08
"Denmark","Other",114.372425570776,11583000,9.8741626151063e-06,0.00287307435219971
"Denmark","Poland",18194.591435312,11583000,0.0015708012980499,0.457054344529913
"Denmark","Portugal",0.527491933028919,11583000,4.55401824250125e-08,1.32507773286647e-05
"Denmark","Romania",237.659889802131,11583000,2.05179910042416e-05,0.00597009751720767
"Denmark","Serbia",343.316645357686,11583000,2.9639700022247e-05,0.00862423126499159
"Denmark","Slovakia",98.8738910197869,11583000,8.53612112749607e-06,0.00248374587645121
"Denmark","Slovenia",4.43357290715373,11583000,3.82765510416449e-07,0.000111372864084869
"Denmark","Spain",442.848750380518,11583000,3.82326470154984e-05,0.0111245117017703
"Denmark","Sweden",2.00119756468798,11583000,1.72770229188291e-07,5.02707655984052e-05
"Denmark","Switzerland",0.0595890410958904,11583000,5.1445256924709e-09,1.49689704306247e-06
"Denmark","Ukraine",7.16907792998478,11583000,6.18931013553033e-07,0.00018008968356463
"Denmark","United Kingdom",1.10694124809741,11583000,9.55660233184333e-08,2.78067418211092e-05
"Estonia","Latvia",2.99786910197869,283550,1.05726295255817e-05,0.0715581252053127
"Estonia","Lithuania",19.2390258751903,283550,6.78505585441377e-05,0.459229064236475
"Estonia","Netherlands",8.84820761035008,283550,3.12051053089405e-05,0.211203733880884
"Estonia","Poland",10.7372907153729,283550,3.78673627768397e-05,0.256295510991246
"Estonia","Portugal",0.060882800608828,283550,2.14716277936265e-07,0.00145325193349538
"Estonia","Romania",0.0109056316590563,283550,3.84610532853335e-08,0.000260313752587361
"Finland","Latvia",0.00237442922374429,974130,2.43748701276451e-09,0.00179095183579451
"Finland","Netherlands",1.28363652968037,974130,1.3177261039906e-06,0.968203716638356
"Finland","Other",0.0397808219178082,974130,4.08372824138546e-08,0.0300053315258496
"France","Austria",0.190377473363775,11714940,1.62508278628636e-08,0.000199727008670062
"France","Belgium",458.307085540335,11714940,3.91215905109488e-05,0.480814781444005
"France","Bulgaria",0.0786283105022831,11714940,6.71179796928393e-09,8.24897871367066e-05
"France","Croatia",0.00219178082191781,11714940,1.87092791078555e-10,2.2994203016109e-06
"France","Cyprus",0.0754855403348554,11714940,6.44352769496518e-09,7.91926739153411e-05
"France","Czechia",0.0401716894977169,11714940,3.42909903915145e-09,4.21445417613585e-05
"France","Denmark",0.00178995433789954,11714940,1.52792446047487e-10,1.87785991298224e-06
"France","Germany",139.231328158295,11714940,1.18849373670113e-05,0.146069050055517
"France","Greece",0.219997564687976,11714940,1.8779231023631e-08,0.000230801757862748
"France","Hungary",0.641884627092846,11714940,5.47919688101558e-08,0.000673407910165839
"France","Ireland",0.0628456621004566,11714940,5.3645739628591e-09,6.59320447815234e-05
"France","Italy",65.3173500761035,11714940,5.57555993253943e-06,0.0685251186206662
"France","Luxembourg",21.9381570776256,11714940,1.87266491144006e-06,0.0230155512174259
"France","Netherlands",33.717299238965,11714940,2.87814527765102e-06,0.0353731730884145
"France","North Macedonia",0.0187689497716895,11714940,1.60213793426936e-09,1.9690702516128e-05
"France","Other",7.64252602739726,11714940,6.52374320943791e-07,0.00801785439823782
"France","Poland",4.63090684931507,11714940,3.95299237496314e-07,0.00485833305853398
"France","Portugal",0.358823744292237,11714940,3.06295844701072e-08,0.00037644576231106
"France","Romania",2.33117838660578,11714940,1.98991918576261e-07,0.00244566375215729
"France","Serbia",0.136255707762557,11714940,1.16309351787168e-08,0.000142947295416811
"France","Spain",215.538518417047,11714940,1.83986019917342e-05,0.226123725543703
"France","Switzerland",2.28824200913242,11714940,1.95326822769252e-07,0.00240061874717659
"France","Ukraine",0.390445662100457,11714940,3.3328865713393e-08,0.000409620648712551
"France","United Kingdom",0.0281692541856925,11714940,2.40455812711739e-09,2.95526606985926e-05
"Germany","Austria",783.212042922375,21292300,3.67838158828485e-05,0.180025468315633
"Germany","Belgium",38.0733610350076,21292300,1.78812815125691e-06,0.00875136524344371
"Germany","Bulgaria",14.472403348554,21292300,6.79701269874745e-07,0.0033265591534506
"Germany","Croatia",171.981560121766,21292300,8.07717156539057e-06,0.039530879513867
"Germany","Czechia",83.0356316590563,21292300,3.89979624836473e-06,0.0190861831242138
"Germany","Denmark",24.1435406392694,21292300,1.13390947146477e-06,0.00554952167763433
"Germany","Finland",0.00182648401826484,21292300,8.57814335823204e-11,4.19827100119981e-07
"Germany","France",89.5543354642314,21292300,4.20594935559951e-06,0.0205845419862133
"Germany","Greece",9.52252420091324,21292300,4.47228538058981e-07,0.00218880301229773
"Germany","Hungary",962.933471537291,21292300,4.52244929639959e-05,0.221335397912772
"Germany","Ireland",0.171700456621005,21292300,8.06396944533961e-09,3.94662663738789e-05
"Germany","Italy",248.006975038052,21292300,1.16477306368054e-05,0.0570057269040152
"Germany","Kazakhstan",0.011441095890411,21292300,5.37334899959655e-10,2.62979695515156e-06
"Germany","Lithuania",0.00664840182648402,21292300,3.12244418239646e-10,1.52817064443673e-06
"Germany","Luxembourg",59.2481692541857,21292300,2.78261011042422e-06,0.0136185079292579
"Germany","Netherlands",259.594757077626,21292300,1.21919547008837e-05,0.0596692404534622
"Germany","Other",69.8103470319635,21292300,3.27866632688641e-06,0.0160462808651573
"Germany","Poland",577.66480608828,21292300,2.71302210699774e-05,0.132779338858824
"Germany","Portugal",1.3996803652968,21292300,6.57364570899717e-08,0.000321724002499445
"Germany","Romania",769.089075494673,21292300,3.61205259880179e-05,0.17677922887364
"Germany","Serbia",4.19543378995434,21292300,1.9703995293859e-07,0.000964342848975597
"Germany","Slovakia",2.01638508371385,21292300,9.47002007164022e-08,0.000463476873575372
"Germany","Slovenia",15.0861187214612,21292300,7.08524617888213e-07,0.003467624907506
"Germany","Spain",167.32318630137,21292300,7.85838947889001e-06,0.0384601274280374
"Germany","Switzerland",0.00276407914764079,21292300,1.29815902821245e-10,6.35338344848238e-07
"Germany","United Kingdom",0.00426666666666667,21292300,2.003854288483e-10,9.80716105880276e-07
"Greece","Albania",148.297678843227,786200,0.000188625895247045,0.992068354874907
"Greece","Bulgaria",0.101260273972603,786200,1.28797092308068e-07,0.000677401792110184
"Greece","Cyprus",0.0225680365296804,786200,2.87052105439842e-08,0.000150973602873619
"Greece","Netherlands",1.03898934550989,786200,1.32153312835143e-06,0.00695053664206177
"Greece","Spain",0.0228310502283105,786200,2.90397484460831e-08,0.000152733088047931
"Hungary","Albania",76.0212709284627,2802400,2.71272020155805e-05,0.036393955010334
"Hungary","Austria",79.3636484018265,2802400,2.83198859555476e-05,0.0379940642153961
"Hungary","Bulgaria",1.28919330289193,2802400,4.60031866575768e-07,0.000617180461363561
"Hungary","Croatia",167.508373515982,2802400,5.97731849543183e-05,0.0801919270112121
"Hungary","Czechia",3.8626103500761,2802400,1.37832227736087e-06,0.00184916228821542
"Hungary","Germany",17.5879147640791,2802400,6.27601868544075e-06,0.0084199299858039
"Hungary","Greece",5.3543799086758,2802400,1.91064084665851e-06,0.00256332285851885
"Hungary","Italy",159.351086149163,2802400,5.686236302782e-05,0.0762867574999876
"Hungary","Latvia",0.0636103500761035,2802400,2.26985262903595e-08,3.04524272034309e-05
"Hungary","Netherlands",209.86918021309,2802400,7.48890880006744e-05,0.100471478698617
"Hungary","North Macedonia",2.41080669710807,2802400,8.60265021805619e-07,0.0011541347494141
"Hungary","Other",74.7348106544901,2802400,2.66681453948366e-05,0.0357780829424019
"Hungary","Poland",37.8815573820396,2802400,1.35175411725805e-05,0.0181351834591226
"Hungary","Romania",1095.31013181126,2802400,0.000390847178065681,0.524362026215183
"Hungary","Serbia",46.0092846270929,2802400,1.64178149540012e-05,0.0220262015397212
"Hungary","Slovakia",71.0319911719939,2802400,2.53468424107886e-05,0.0340054179499399
"Hungary","Slovenia",4.6125796042618,2802400,1.6459390537617e-06,0.00220819794971668
"Hungary","Spain",36.5809208523592,2802400,1.30534259393232e-05,0.017512524737848
"Ireland","Belarus",0.0141552511415525,1473750,9.60492019783037e-09,1.64616421763653e-05
"Ireland","Belgium",0.302713546423135,1473750,2.05403593840974e-07,0.000352036289100391
"Ireland","Bulgaria",0.00592846270928463,1473750,4.02270582479025e-09,6.89441895451e-06
"Ireland","Croatia",0.0235360730593607,1473750,1.59701937637732e-08,2.73709317528573e-05
"Ireland","Czechia",0.0346922374429224,1473750,2.35401102242052e-08,4.03448298706946e-05
"Ireland","Denmark",13.1016828006088,1473750,8.8900307383266e-06,0.0152364102914961
"Ireland","Estonia",0.262366818873668,1473750,1.78026679473227e-07,0.000305115652704406
"Ireland","France",0.172379604261796,1473750,1.16966652594942e-07,0.000200466338285675
"Ireland","Germany",0.422297716894977,1473750,2.86546372787092e-07,0.000491104950233946
"Ireland","Italy",0.376832876712329,1473750,2.55696608456203e-07,0.000438232279646322
"Ireland","Lithuania",0.0304511415525114,1473750,2.0662352198481e-08,3.54127094663694e-05
"Ireland","Netherlands",6.94894429223744,1473750,4.71514455792193e-06,0.00808117307834377
"Ireland","Other",1.48630502283105,1473750,1.00851909946127e-06,0.00172847667668408
"Ireland","Portugal",0.00151232876712329,1473750,1.02617728049078e-09,1.75874060929426e-06
"Ireland","Romania",0.0337022831050228,1473750,2.28683854826279e-08,3.91935769597798e-05
"Ireland","Slovakia",1.82648401826484e-05,1473750,1.23934454165553e-11,2.1240828614665e-08
"Ireland","Spain",1.28780639269406,1473750,8.73829613363233e-07,0.00149763559946563
"Ireland","Ukraine",0.10683105022831,1473750,7.24892622414321e-08,0.000124237606567175
"Ireland","United Kingdom",835.280859969559,1473750,0.000566772424067555,0.971377653146854
"Italy","Austria",0.185517503805175,7820490,2.3721979544143e-08,0.00554549160791066
"Italy","France",0.440316590563166,7820490,5.63029414478077e-08,0.0131619491838147
"Italy","Germany",0.469522374429224,7820490,6.00374624133812e-08,0.0140349688504752
"Italy","Greece",0.182283105022831,7820490,2.33083994766097e-08,0.00544880891794217
"Italy","Hungary",0.0395738203957382,7820490,5.06027376746703e-09,0.00118294114784984
"Italy","Luxembourg",0.0367123287671233,7820490,4.69437704889633e-09,0.001097405403313
"Italy","Malta",0.000252054794520548,7820490,3.22300513804823e-11,7.53442515707434e-06
"Italy","Netherlands",27.5262757990868,7820490,3.51976356968512e-06,0.82281578993848
"Italy","Other",0.0387926940639269,7820490,4.96039174833379e-09,0.00115959170950074
"Italy","Spain",4.53450624048706,7820490,5.79823801384192e-07,0.135545518815557
"Latvia","Denmark",70.3812785388128,300060,0.000234557350325977,0.134778542734377
"Latvia","Estonia",0.527701674277017,300060,1.75865385015336e-06,0.00101053666733726
"Latvia","Lithuania",239.664132420091,300060,0.000798720697260852,0.458951345924548
"Latvia","Netherlands",3.18211141552511,300060,1.06049170683367e-05,0.00609367076453985
"Latvia","Poland",208.444208523592,300060,0.000694675093393295,0.399165903909199
"Lithuania","Hungary",0.319954337899543,496790,6.44043434649537e-07,0.000633550097401162
"Lithuania","Latvia",176.809657534247,496790,0.000355904220161933,0.350105507203526
"Lithuania","Netherlands",2.96318295281583,496790,5.9646590165177e-06,0.00586747740536451
"Lithuania","Poland",324.923515372907,496790,0.000654046006105008,0.64338969792954
"Lithuania","Romania",0.00190258751902588,496790,3.82976211080311e-09,3.76736416798179e-06
"Luxembourg","Belgium",24.3922943683409,64810,0.000376366214601774,0.0440166489152005
"Luxembourg","France",1.5220700152207e-05,64810,2.34851105573322e-10,2.74662237478074e-08
"Luxembourg","Germany",47.7258219178082,64810,0.000736395956145783,0.0861227203896042
"Luxembourg","Hungary",0.466073059360731,64810,7.19137570376069e-06,0.00084104323738161
"Luxembourg","Italy",128.940159817352,64810,0.00198951025794401,0.232676502671127
"Luxembourg","Netherlands",27.7627936073059,64810,0.00042837206615192,0.0500988189411177
"Luxembourg","Other",2.87768401826484,64810,4.44018518479377e-05,0.00519286973205965
"Luxembourg","Romania",0.0325649923896499,64810,5.02468637396234e-07,5.87645350329088e-05
"Luxembourg","Spain",321.963233789954,64810,0.0049678017866063,0.580992604112252
"Malta","Italy",0.149010654490107,37210,4.00458625342936e-06,0.078487964243481
"Malta","Netherlands",0.0177549467275495,37210,4.77155246642017e-07,0.00935201330848015
"Malta","Romania",1.7317503805175,37210,4.65399188529294e-05,0.912160022448039
"Netherlands","Albania",10.2788432267884,10192000,1.00852072476339e-06,0.00061683334637086
"Netherlands","Austria",137.327034094368,10192000,1.34740025602795e-05,0.00824099483946317
"Netherlands","Belgium",1385.08387853881,10192000,0.000135899124660402,0.0831188787447211
"Netherlands","Bulgaria",10.0539211567732,10192000,9.86452232807419e-07,0.000603335773729751
"Netherlands","Croatia",614.549638660578,10192000,6.02972565404806e-05,0.0368791216834666
"Netherlands","Cyprus",3.00478234398782,10192000,2.94817733907753e-07,0.000180316978035785
"Netherlands","Czechia",31.6871756468798,10192000,3.10902429816324e-06,0.00190154730061128
"Netherlands","Denmark",51.9345838660578,10192000,5.0956224358377e-06,0.00311659419758343
"Netherlands","Estonia",5.2056797564688,10192000,5.10761357581318e-07,0.000312392824121412
"Netherlands","Finland",14.4703132420091,10192000,1.41977170741848e-06,0.000868363447439393
"Netherlands","France",52.655095585997,10192000,5.16631628591022e-06,0.00315983210339672
"Netherlands","Germany",7906.87613455099,10192000,0.000775792399386871,0.474491609396677
"Netherlands","Greece",5.37917168949772,10192000,5.27783721497029e-07,0.000322804074420442
"Netherlands","Hungary",60.6268353120244,10192000,5.94847285243567e-06,0.00363821617669281
"Netherlands","Ireland",24.5967098934551,10192000,2.41333495814905e-06,0.00147604847535296
"Netherlands","Italy",990.811554642314,10192000,9.72146344821736e-05,0.0594585979558604
"Netherlands","Latvia",7.50073729071537,10192000,7.35943611726391e-07,0.000450119218787448
"Netherlands","Lithuania",8.95717625570776,10192000,8.78843824147151e-07,0.000537520116022638
"Netherlands","Luxembourg",248.723680365297,10192000,2.44038147925134e-05,0.014925907195623
"Netherlands","Malta",2.32852207001522,10192000,2.28465666210285e-07,0.000139734601341386
"Netherlands","North Macedonia",1.1928401826484,10192000,1.1703690960051e-07,7.15823352214443e-05
"Netherlands","Other",6.83288554033486,10192000,6.70416556155304e-07,0.000410041437564632
"Netherlands","Poland",217.908356468798,10192000,2.13803332485084e-05,0.0130766797155266
"Netherlands","Portugal",15.1592112633181,10192000,1.48736374247627e-06,0.000909704215307593
"Netherlands","Romania",599.574388736682,10192000,5.88279423799727e-05,0.0359804569874994
"Netherlands","Serbia",13.897595129376,10192000,1.36357879997802e-06,0.00083399463548767
"Netherlands","Slovakia",72.7230642313546,10192000,7.13530849993668e-06,0.00436411083216658
"Netherlands","Slovenia",124.426974733638,10192000,1.22082981489048e-05,0.00746686232199034
"Netherlands","Spain",4007.37403713851,10192000,0.000393188190457075,0.240482502062654
"Netherlands","Sweden",29.4753704718417,10192000,2.89201044660927e-06,0.00176881687973245
"Netherlands","Switzerland",0.033972602739726,10192000,3.33326165028709e-09,2.0386957725223e-06
"Netherlands","United Kingdom",3.24015068493151,10192000,3.17911173953248e-07,0.000194441431359061
"Poland","Austria",0.000551598173515982,9078250,6.07604079548351e-11,3.64426304273748e-06
"Poland","Croatia",4.3241400304414,9078250,4.76318677106425e-07,0.0285684479412127
"Poland","Cyprus",0.496547945205479,9078250,5.4696438763581e-08,0.00328056076423382
"Poland","Czechia",0.242800608828006,9078250,2.67453098149981e-08,0.00160411931726679
"Poland","Germany",0.070689497716895,9078250,7.78668771149671e-09,0.00046702678944221
"Poland","Greece",0.370860273972603,9078250,4.08515158728392e-08,0.00245017560852873
"Poland","Hungary",1.15358447488584,9078250,1.27071238937664e-07,0.00762142710100981
"Poland","Ireland",0.0332535768645358,9078250,3.66299417448691e-09,0.000219697575200087
"Poland","Italy",14.7498554033486,9078250,1.62474655394471e-06,0.0974483881799647
"Poland","Netherlands",69.8855382039574,9078250,7.69812884685456e-06,0.461715241867315
"Poland","Other",0.738238051750381,9078250,8.13194229890541e-08,0.00487734328703046
"Poland","Romania",13.0530426179604,9078250,1.43783687582523e-06,0.0862379955044073
"Poland","Slovakia",46.0760304414003,9078250,5.07543088606288e-06,0.304412129981024
"Poland","Spain",0.149010654490107,9078250,1.64140285286378e-08,0.000984473929039734
"Poland","Ukraine",0.0165479452054795,9078250,1.82281223864505e-09,0.000109327891282125
"Portugal","Austria",0.951598173515982,2192680,4.33988622834149e-07,0.000855556572212451
"Portugal","Belgium",0.00365296803652968,2192680,1.66598319706007e-09,3.28428626569079e-06
"Portugal","Estonia",1.08385083713851,2192680,4.94304156164378e-07,0.000974461419556565
"Portugal","France",0.104718417047184,2192680,4.77581849823888e-08,9.41495396164693e-05
"Portugal","Germany",54.2981202435312,2192680,2.47633581934123e-05,0.0488179936931698
"Portugal","Luxembourg",0.260882800608828,2192680,1.18978966656707e-07,0.000234552777474751
"Portugal","Netherlands",2.80717503805175,2192680,1.28024838920944e-06,0.00252385630825885
"Portugal","Other",0.0100712328767123,2192680,4.59311567429462e-09,9.05477723450951e-06
"Portugal","Poland",4.15525114155251,2192680,1.89505588665583e-06,0.00373587562722327
"Portugal","Romania",0.986301369863014,2192680,4.4981546320622e-07,0.000886757291736513
"Portugal","Spain",1047.59463105023,2192680,0.000477769045665682,0.941864430338199
"Portugal","United Kingdom",3.0441400304414e-05,2192680,1.38831933088339e-11,2.73690522140899e-08
"Romania","France",0.346514459665145,3257500,1.0637435446359e-07,0.0197098757541932
"Romania","Hungary",0.66955098934551,3257500,2.05541362807524e-07,0.0380843178199544
"Romania","Netherlands",16.5610651445967,3257500,5.08398009043642e-06,0.941999755717362
"Romania","Other",0.00362252663622527,3257500,1.11205729431321e-09,0.000206050708490643
"Serbia","Hungary",0.673363774733638,2349180,2.86637794776747e-07,1
"Slovakia","Albania",13.0385235920852,412310,3.16231078365435e-05,0.0100702257244474
"Slovakia","Austria",1.02782343987823,412310,2.49284140544308e-06,0.00079383328728529
"Slovakia","Croatia",7.90971080669711,412310,1.9183892718336e-05,0.00610901784055461
"Slovakia","Czechia",123.841712328767,412310,0.000300360680868199,0.0956484059291653
"Slovakia","Denmark",1.14010350076104,412310,2.76516092445256e-06,0.000880552120860194
"Slovakia","Germany",10.7087659056317,412310,2.59726077602572e-05,0.00827085130753908
"Slovakia","Greece",6.9730898021309,412310,1.69122500112316e-05,0.00538562420878131
"Slovakia","Hungary",965.820252054795,412310,0.00234246138113263,0.745945495956188
"Slovakia","Italy",2.51896499238965,412310,6.10939582447588e-06,0.00194550754816619
"Slovakia","Netherlands",94.8726340943683,412310,0.000230100250040912,0.0732743115933113
"Slovakia","Poland",31.6657229832572,412310,7.6800763947654e-05,0.024456831781383
"Slovakia","Romania",35.2425111111111,412310,8.54757612260462e-05,0.0272193427023187
"Slovenia","Austria",55.2276602739726,232350,0.000237691673225619,0.926782862724134
"Slovenia","Croatia",0.504946727549467,232350,2.17321595674399e-06,0.0084735795679185
"Slovenia","Germany",0.655266362252664,232350,2.82016940930778e-06,0.0109961137597124
"Slovenia","Italy",1.45805175038052,232350,6.27523886542078e-06,0.0244677643143688
"Slovenia","Netherlands",1.74479726027397,232350,7.5093490866106e-06,0.0292796796338666
"Spain","Andorra",0.0229025875190259,34565280,6.62589382149541e-10,8.24501332629553e-06
"Spain","Belgium",3.40104261796043,34565280,9.83947654397831e-08,0.00122438749268342
"Spain","France",3.11048340943683,34565280,8.99886651992067e-08,0.00111978513959276
"Spain","Germany",362.740517199391,34565280,1.04943607342221e-05,0.130587882081523
"Spain","Greece",1.54286149162861,34565280,4.46361635614876e-08,0.000555435648855767
"Spain","Hungary",0.00365296803652968,34565280,1.05683160574128e-10,1.31508154337139e-06
"Spain","Ireland",0.110991780821918,34565280,3.21107715088429e-09,3.99574376137963e-05
"Spain","Italy",126.04482587519,34565280,3.64657326297343e-06,0.0453765876099464
"Spain","Luxembourg",0.103333333333333,34565280,2.98951240474063e-09,3.72003691581181e-05
"Spain","Netherlands",41.8413512937595,34565280,1.21050231023037e-06,0.0150630359438938
"Spain","Other",0.0627190258751903,34565280,1.81450941161739e-09,2.25790733786578e-05
"Spain","Poland",0.739762557077626,34565280,2.14018968478666e-08,0.00026631716334814
"Spain","Portugal",2237.91092998478,34565280,6.47444756699433e-05,0.805655929726657
"Spain","Romania",0.000975342465753425,34565280,2.82174038732921e-11,3.51126772080161e-07
"Spain","Serbia",0.102904109589041,34565280,2.97709463337317e-09,3.7045847076772e-05
"Spain","United Kingdom",0.010958904109589,34565280,3.17049481722383e-10,3.94524463011416e-06
"Sweden","Belgium",0.00424109589041096,1360460,3.11739844641589e-09,0.00118083918067119
"Sweden","Czechia",0.00365296803652968,1360460,2.68509771439784e-09,0.00101708801091403
"Sweden","Denmark",0.00045662100456621,1360460,3.3563721429973e-10,0.000127136001364254
"Sweden","France",0.0219178082191781,1360460,1.6110586286387e-08,0.00610252806548419
"Sweden","Germany",0.0438356164383562,1360460,3.2221172572774e-08,0.0122050561309684
"Sweden","Hungary",0.0328767123287671,1360460,2.41658794295805e-08,0.00915379209822629
"Sweden","Ireland",0.010958904109589,1360460,8.05529314319351e-09,0.0030512640327421
"Sweden","Lithuania",0.0365296803652968,1360460,2.68509771439784e-08,0.0101708801091403
"Sweden","Netherlands",3.31092267884323,1360460,2.43367881366834e-06,0.921853059769431
"Sweden","Poland",0.00365296803652968,1360460,2.68509771439784e-09,0.00101708801091403
"Sweden","Portugal",0.00365296803652968,1360460,2.68509771439784e-09,0.00101708801091403
"Sweden","Romania",0.00365296803652968,1360460,2.68509771439784e-09,0.00101708801091403
"Sweden","Spain",0.0328767123287671,1360460,2.41658794295805e-08,0.00915379209822629
"Sweden","United Kingdom",0.0823671232876712,1360460,6.05435832642424e-08,0.0229333004700896
"Switzerland","Austria",0.0531050228310502,1296910,4.09473462545976e-08,0.00472065353436507
"Switzerland","Belgium",0.00410958904109589,1296910,3.16875422434548e-09,0.000365312827250951
"Switzerland","Germany",8.18772572298326,1296910,6.31325668163809e-06,0.727829766603799
"Switzerland","Other",3.00456621004566,1296910,2.31671142179925e-06,0.267084267034584
