name,location,date
H-6300|Poland|0.150581793292266,Poland,0.150581793292266
H-9137|Hungary|0.158795345653662,Hungary,0.158795345653662
H-143|Denmark|0.0684462696783025,Denmark,0.0684462696783025
H-1998|Austria|0.125941136208077,Austria,0.125941136208077
H-9256|Hungary|0.158795345653662,Hungary,0.158795345653662
H-1863|Netherlands|0.123203285420945,Netherlands,0.123203285420945
H-4986|Poland|0.145106091718001,Poland,0.145106091718001
H-5113|Poland|0.145106091718001,Poland,0.145106091718001
H-6776|Romania|0.150581793292266,Romania,0.150581793292266
H-6293|Hungary|0.150581793292266,Hungary,0.150581793292266
H-468|Germany|0.0930869267624914,Germany,0.0930869267624914
H-7593|Spain|0.153319644079398,Spain,0.153319644079398
H-4317|Germany|0.142368240930869,Germany,0.142368240930869
H-9515|Hungary|0.158795345653662,Hungary,0.158795345653662
H-5211|Germany|0.145106091718001,Germany,0.145106091718001
H-1638|Poland|0.120465434633812,Poland,0.120465434633812
H-8329|Italy|0.15605749486653,Italy,0.15605749486653
H-7686|Germany|0.153319644079398,Germany,0.153319644079398
H-1442|Romania|0.11772758384668,Romania,0.11772758384668
H-1382|Germany|0.11772758384668,Germany,0.11772758384668
H-9391|Germany|0.158795345653662,Germany,0.158795345653662
H-875|Poland|0.106776180698152,Poland,0.106776180698152
H-3644|Netherlands|0.136892539356605,Netherlands,0.136892539356605
H-5521|Poland|0.147843942505133,Poland,0.147843942505133
H-3035|Denmark|0.134154688569473,Denmark,0.134154688569473
H-9448|Hungary|0.158795345653662,Hungary,0.158795345653662
H-3702|Italy|0.136892539356605,Italy,0.136892539356605
H-2217|Spain|0.125941136208077,Spain,0.125941136208077
H-6335|Germany|0.150581793292266,Germany,0.150581793292266
H-8384|Italy|0.15605749486653,Italy,0.15605749486653
H-7864|Poland|0.153319644079398,Poland,0.153319644079398
H-10179|Slovakia|0.158795345653662,Slovakia,0.158795345653662
H-518|Italy|0.0958247775496235,Italy,0.0958247775496235
H-9401|Spain|0.158795345653662,Spain,0.158795345653662
H-839|Slovakia|0.106776180698152,Slovakia,0.106776180698152
H-4871|Poland|0.145106091718001,Poland,0.145106091718001
H-2991|Spain|0.134154688569473,Spain,0.134154688569473
H-5711|Hungary|0.147843942505133,Hungary,0.147843942505133
H-8842|Italy|0.15605749486653,Italy,0.15605749486653
H-9613|Poland|0.158795345653662,Poland,0.158795345653662
H-9195|Denmark|0.158795345653662,Denmark,0.158795345653662
H-7757|Poland|0.153319644079398,Poland,0.153319644079398
H-9288|Denmark|0.158795345653662,Denmark,0.158795345653662
H-7458|Poland|0.153319644079398,Poland,0.153319644079398
H-3411|Germany|0.136892539356605,Germany,0.136892539356605
H-4918|Netherlands|0.145106091718001,Netherlands,0.145106091718001
H-9118|Poland|0.15605749486653,Poland,0.15605749486653
H-1196|Hungary|0.114989733059548,Hungary,0.114989733059548
H-8122|Denmark|0.15605749486653,Denmark,0.15605749486653
H-10157|Hungary|0.158795345653662,Hungary,0.158795345653662
H-786|Germany|0.10403832991102,Germany,0.10403832991102
H-3010|Denmark|0.134154688569473,Denmark,0.134154688569473
H-9247|Slovakia|0.158795345653662,Slovakia,0.158795345653662
H-10174|Germany|0.158795345653662,Germany,0.158795345653662
H-8006|Germany|0.153319644079398,Germany,0.153319644079398
H-1146|Romania|0.112251882272416,Romania,0.112251882272416
H-7166|Germany|0.153319644079398,Germany,0.153319644079398
H-7111|Germany|0.153319644079398,Germany,0.153319644079398
H-2778|Romania|0.131416837782341,Romania,0.131416837782341
H-7848|Netherlands|0.153319644079398,Netherlands,0.153319644079398
H-5017|Romania|0.145106091718001,Romania,0.145106091718001
H-8158|Romania|0.15605749486653,Romania,0.15605749486653
H-5838|Poland|0.147843942505133,Poland,0.147843942505133
H-1611|Denmark|0.120465434633812,Denmark,0.120465434633812
H-8977|Poland|0.15605749486653,Poland,0.15605749486653
H-6775|Poland|0.150581793292266,Poland,0.150581793292266
H-3676|Denmark|0.136892539356605,Denmark,0.136892539356605
H-9148|Germany|0.158795345653662,Germany,0.158795345653662
H-5284|Poland|0.145106091718001,Poland,0.145106091718001
H-6468|Denmark|0.150581793292266,Denmark,0.150581793292266
H-5165|Poland|0.145106091718001,Poland,0.145106091718001
H-8753|Poland|0.15605749486653,Poland,0.15605749486653
H-4598|Italy|0.142368240930869,Italy,0.142368240930869
H-6442|Italy|0.150581793292266,Italy,0.150581793292266
H-3736|Denmark|0.139630390143737,Denmark,0.139630390143737
H-3583|Hungary|0.136892539356605,Hungary,0.136892539356605
H-6532|Hungary|0.150581793292266,Hungary,0.150581793292266
H-4690|Denmark|0.142368240930869,Denmark,0.142368240930869
H-107|Germany|0.0629705681040383,Germany,0.0629705681040383
H-4385|Denmark|0.142368240930869,Denmark,0.142368240930869
H-2696|Netherlands|0.131416837782341,Netherlands,0.131416837782341
H-3738|Denmark|0.139630390143737,Denmark,0.139630390143737
H-8872|Germany|0.15605749486653,Germany,0.15605749486653
H-7747|Poland|0.153319644079398,Poland,0.153319644079398
H-366|Poland|0.0876112251882272,Poland,0.0876112251882272
H-3078|Hungary|0.134154688569473,Hungary,0.134154688569473
H-9984|Germany|0.158795345653662,Germany,0.158795345653662
H-6359|Hungary|0.150581793292266,Hungary,0.150581793292266
H-6104|Denmark|0.147843942505133,Denmark,0.147843942505133
H-3274|Germany|0.136892539356605,Germany,0.136892539356605
H-3454|Poland|0.136892539356605,Poland,0.136892539356605
H-9953|Netherlands|0.158795345653662,Netherlands,0.158795345653662
H-3874|Denmark|0.139630390143737,Denmark,0.139630390143737
H-8554|Denmark|0.15605749486653,Denmark,0.15605749486653
H-8477|Denmark|0.15605749486653,Denmark,0.15605749486653
H-5022|Poland|0.145106091718001,Poland,0.145106091718001
H-4722|Hungary|0.142368240930869,Hungary,0.142368240930869
H-9300|Hungary|0.158795345653662,Hungary,0.158795345653662
H-1044|Poland|0.112251882272416,Poland,0.112251882272416
H-3860|Germany|0.139630390143737,Germany,0.139630390143737
H-4477|Poland|0.142368240930869,Poland,0.142368240930869
H-1177|Poland|0.114989733059548,Poland,0.114989733059548
H-3226|Germany|0.134154688569473,Germany,0.134154688569473
H-4196|Germany|0.139630390143737,Germany,0.139630390143737
H-6162|France|0.147843942505133,France,0.147843942505133
H-6025|Croatia|0.147843942505133,Croatia,0.147843942505133
H-3034|Germany|0.134154688569473,Germany,0.134154688569473
H-489|Denmark|0.0958247775496235,Denmark,0.0958247775496235
H-4696|Poland|0.142368240930869,Poland,0.142368240930869
H-4706|Germany|0.142368240930869,Germany,0.142368240930869
H-6174|Romania|0.147843942505133,Romania,0.147843942505133
H-4856|Hungary|0.145106091718001,Hungary,0.145106091718001
H-2739|Poland|0.131416837782341,Poland,0.131416837782341
H-286|Germany|0.0848733744010951,Germany,0.0848733744010951
H-4902|Hungary|0.145106091718001,Hungary,0.145106091718001
H-4016|Spain|0.139630390143737,Spain,0.139630390143737
H-8744|Croatia|0.15605749486653,Croatia,0.15605749486653
H-7760|Netherlands|0.153319644079398,Netherlands,0.153319644079398
H-4547|Germany|0.142368240930869,Germany,0.142368240930869
H-8250|Portugal|0.15605749486653,Portugal,0.15605749486653
H-4249|Germany|0.142368240930869,Germany,0.142368240930869
H-5|Denmark|0.0191649555099247,Denmark,0.0191649555099247
H-114|Germany|0.0657084188911704,Germany,0.0657084188911704
H-5231|Germany|0.145106091718001,Germany,0.145106091718001
H-1331|Romania|0.11772758384668,Romania,0.11772758384668
H-598|Spain|0.0985626283367557,Spain,0.0985626283367557
H-7780|Slovakia|0.153319644079398,Slovakia,0.153319644079398
H-537|Poland|0.0985626283367557,Poland,0.0985626283367557
H-7203|Germany|0.153319644079398,Germany,0.153319644079398
H-10276|Germany|0.158795345653662,Germany,0.158795345653662
H-2661|Italy|0.131416837782341,Italy,0.131416837782341
H-9111|Romania|0.15605749486653,Romania,0.15605749486653
H-1694|Germany|0.120465434633812,Germany,0.120465434633812
H-544|Romania|0.0985626283367557,Romania,0.0985626283367557
H-2992|Netherlands|0.134154688569473,Netherlands,0.134154688569473
H-3050|Germany|0.134154688569473,Germany,0.134154688569473
H-8672|Germany|0.15605749486653,Germany,0.15605749486653
H-2096|Germany|0.125941136208077,Germany,0.125941136208077
H-4379|Poland|0.142368240930869,Poland,0.142368240930869
H-3443|Denmark|0.136892539356605,Denmark,0.136892539356605
H-4541|Denmark|0.142368240930869,Denmark,0.142368240930869
H-5641|Spain|0.147843942505133,Spain,0.147843942505133
H-5632|Germany|0.147843942505133,Germany,0.147843942505133
H-6913|Poland|0.150581793292266,Poland,0.150581793292266
H-1962|Denmark|0.125941136208077,Denmark,0.125941136208077
H-960|Germany|0.109514031485284,Germany,0.109514031485284
H-240|Denmark|0.0793976728268309,Denmark,0.0793976728268309
H-1489|Poland|0.11772758384668,Poland,0.11772758384668
H-9829|Germany|0.158795345653662,Germany,0.158795345653662
H-893|Spain|0.109514031485284,Spain,0.109514031485284
